[{
    "name": "张三",
    "age": "24",
    "tel": "15936524589",
    "address": "杭州",
    "card": "14102352654156"
}, {
    "name": "李四",
    "age": "23",
    "tel": "15936524589",
    "address": "广州",
    "card": "14102352654156"
}, {
    "name": "王五",
    "age": "25",
    "tel": "15936524589",
    "address": "天津",
    "card": "14102352654156"
}, {
    "name": "赵六",
    "age": "26",
    "tel": "15936524589",
    "address": "上海",
    "card": "14102352654156"
}, {
    "name": "李新宇",
    "age": "22",
    "tel": "15936524589",
    "address": "北京",
    "card": "14102352654156"
}]